{
	"format_version": "1.21.11",
	"credit": "Made with Blockbench",
	"texture_size": [32, 32],
	"textures": {
		"screen": "cobblemon:item/pokedexes/models/pokedex_screen",
		"all": "cobblemon:item/pokedexes/models/pokedex_red"
	},
	"elements": [
		{
			"name": "frame_left",
			"from": [-1, 0, 2],
			"to": [8, 1, 14],
			"rotation": {"angle": -22.5, "axis": "z", "origin": [8, 0, 8]},
			"faces": {
				"north": {"uv": [5, 0, 0.5, 0.5], "texture": "#all"},
				"south": {"uv": [0.5, 6.5, 5, 7], "texture": "#all"},
				"west": {"uv": [0, 0.5, 0.5, 6.5], "rotation": 270, "texture": "#all"},
				"up": {"uv": [0.5, 0.5, 5, 6.5], "texture": "#all"},
				"down": {"uv": [0.5, 13, 5, 7], "texture": "#all"}
			}
		},
		{
			"name": "frame_edge_left",
			"from": [7, 1, 3],
			"to": [7.6, 1, 13],
			"rotation": {"angle": -22.5, "axis": "z", "origin": [8, 0, 8]},
			"faces": {
				"up": {"uv": [4.5, 0.5, 5, 5.5], "texture": "#all"}
			}
		},
		{
			"name": "screen_left",
			"from": [0, 1, 3],
			"to": [7.6, 1.5, 13],
			"rotation": {"angle": -22.5, "axis": "z", "origin": [8, 0, 8]},
			"faces": {
				"north": {"uv": [0, 3, 8, 4], "texture": "#screen"},
				"south": {"uv": [0, 12, 8, 13], "texture": "#screen"},
				"west": {"uv": [0, 3, 1, 13], "texture": "#screen"},
				"up": {"uv": [0, 3, 8, 13], "texture": "#screen"}
			}
		},
		{
			"name": "frame_right",
			"from": [8, 0, 2],
			"to": [17, 1, 14],
			"rotation": {"angle": 22.5, "axis": "z", "origin": [8, 0, 8]},
			"faces": {
				"north": {"uv": [10.5, 0, 6, 0.5], "texture": "#all"},
				"east": {"uv": [10.5, 0.5, 11, 6.5], "rotation": 90, "texture": "#all"},
				"south": {"uv": [6, 6.5, 10.5, 7], "texture": "#all"},
				"up": {"uv": [6, 0.5, 10.5, 6.5], "texture": "#all"},
				"down": {"uv": [6, 13, 10.5, 7], "texture": "#all"}
			}
		},
		{
			"name": "frame_edge_right",
			"from": [8.4, 1, 3],
			"to": [9, 1, 13],
			"rotation": {"angle": 22.5, "axis": "z", "origin": [8, 0, 8]},
			"faces": {
				"up": {"uv": [5, 0.5, 5.5, 5.5], "texture": "#all"}
			}
		},
		{
			"name": "screen_right",
			"from": [8.4, 1, 3],
			"to": [16, 1.5, 13],
			"rotation": {"angle": 22.5, "axis": "z", "origin": [8, 0, 8]},
			"faces": {
				"north": {"uv": [8, 3, 16, 4], "texture": "#screen"},
				"east": {"uv": [15, 3, 16, 13], "texture": "#screen"},
				"south": {"uv": [8, 12, 16, 13], "texture": "#screen"},
				"up": {"uv": [8, 3, 16, 13], "texture": "#screen"}
			}
		}
	],
	"gui_light": "front",
	"display": {
		"thirdperson_righthand": {
			"rotation": [80, 0, 0],
			"translation": [0, 4, 4.5],
			"scale": [0.75, 0.6, 0.75]
		},
		"thirdperson_lefthand": {
			"rotation": [80, 0, 0],
			"translation": [0, 4, 4.5],
			"scale": [0.75, 0.6, 0.75]
		},
		"firstperson_righthand": {
			"rotation": [50, 0, 5],
			"translation": [3, 4, 0],
			"scale": [0.8, 0.6, 0.7]
		},
		"firstperson_lefthand": {
			"rotation": [50, 0, 5],
			"translation": [3, 4, 0],
			"scale": [0.8, 0.6, 0.7]
		},
		"ground": {
			"translation": [0, 3, 0],
			"scale": [0.75, 0.6, 0.75]
		},
		"head": {
			"rotation": [90, 0, 0],
			"translation": [0, 0, -4],
			"scale": [1, 0.8, 1]
		},
		"fixed": {
			"rotation": [-90, -180, 0],
			"translation": [0, 0, -7]
		}
	},
	"groups": [
		{
			"name": "pokedex",
			"origin": [8, 8, 8],
			"color": 0,
			"children": [
				{
					"name": "frame_left",
					"origin": [8, 8, 8],
					"color": 0,
					"children": [0, 1, 2]
				},
				{
					"name": "frame_right",
					"origin": [8, 8, 8],
					"color": 0,
					"children": [3, 4, 5]
				}
			]
		}
	]
}